Study_Hours_per_Week,Attendance_Rate,Past_Exam_Scores,Final_Exam_Score,Parental_Education_Level,Pass_Fail,Gender,Internet_Access_at_Home,Extracurricular_Activities
7,92,78,82,High,Pass,Female,Yes,Yes
3,80,65,68,Secondary,Pass,Male,Yes,No
1,65,42,39,Primary,Fail,Female,No,Yes
5,88,71,75,Graduate,Pass,Male,Yes,Yes
9,95,88,91,Graduate,Pass,Female,Yes,No
2,70,51,48,Secondary,Fail,Male,No,No
6,84,73,79,High,Pass,Female,Yes,Yes
4,76,61,64,Primary,Pass,Male,Yes,No
7,92,78,82,High,Pass,Female,Yes,Yes
3,80,65,68,Secondary,Pass,Male,Yes,No
1,65,42,39,Primary,Fail,Female,No,Yes
5,88,71,75,Graduate,Pass,Male,Yes,Yes
9,95,88,91,Graduate,Pass,Female,Yes,No
2,70,51,48,Secondary,Fail,Male,No,No
6,84,73,79,High,Pass,Female,Yes,Yes
4,76,61,64,Primary,Pass,Male,Yes,No
7,92,78,82,High,Pass,Female,Yes,Yes
3,80,65,68,Secondary,Pass,Male,Yes,No
1,65,42,39,Primary,Fail,Female,No,Yes
5,88,71,75,Graduate,Pass,Male,Yes,Yes
9,95,88,91,Graduate,Pass,Female,Yes,No
2,70,51,48,Secondary,Fail,Male,No,No
6,84,73,79,High,Pass,Female,Yes,Yes
4,76,61,64,Primary,Pass,Male,Yes,No
7,92,78,82,High,Pass,Female,Yes,Yes
3,80,65,68,Secondary,Pass,Male,Yes,No
1,65,42,39,Primary,Fail,Female,No,Yes
5,88,71,75,Graduate,Pass,Male,Yes,Yes
9,95,88,91,Graduate,Pass,Female,Yes,No
2,70,51,48,Secondary,Fail,Male,No,No
6,84,73,79,High,Pass,Female,Yes,Yes
4,76,61,64,Primary,Pass,Male,Yes,No
7,92,78,82,High,Pass,Female,Yes,Yes
3,80,65,68,Secondary,Pass,Male,Yes,No
1,65,42,39,Primary,Fail,Female,No,Yes
5,88,71,75,Graduate,Pass,Male,Yes,Yes
9,95,88,91,Graduate,Pass,Female,Yes,No
2,70,51,48,Secondary,Fail,Male,No,No
6,84,73,79,High,Pass,Female,Yes,Yes
4,76,61,64,Primary,Pass,Male,Yes,No